locations,freq
الرياض,6696
السعوديه,4219
لندن,3482
الشرقية,0
الدمام,845
الخبر,4958
فلسطين,132
باريس,1545
ايطاليا,939
فرنسا,989
امريكا,1672
جده,6444
كندا,1181
الكويت,1580
قطر,957
الامارات,1218
عمان,438
بريطانيا,1697
البحرين,917
مكه,991
المدينه,1295
ابها,782
القصيم,217
المانيا,835
دبي,2376
نيويورك,130
الطايف,185
أبو ظبي,0
اسبانيا,340
المملكه,1165
ماليزيا,392
